{"cameraMode":{"drawMode":0,"name":"Shaded","section":"Shading Mode"},"sceneLighting":true,"audioPlay":false,"sceneViewState":{"showFog":true,"showMaterialUpdate":false,"showSkybox":true,"showFlares":true,"showImageEffects":true,"showParticleSystems":true},"in2DMode":false,"pivot":{"x":1.0920906066894532,"y":1.4671862125396729,"z":-1.3105151653289796},"rotation":{"x":-0.26314088702201846,"y":0.2310541421175003,"z":-0.06506705284118653,"w":-0.9344201683998108},"size":5.246811866760254,"orthographic":false}